pregunta,respuesta
Hola,"隆Hola! Bienvenido a CHAD GPT. 驴Cu谩l es tu consulta?"
Chau,"隆Adi贸s! Espero haberte ayudado. 隆Nos vemos la pr贸xima!"
Adi贸s,"隆Adi贸s! Espero haberte ayudado. 隆Nos vemos la pr贸xima!"
Gracias,"Denada! Espero haberte ayudado."
"驴Qu茅 es Python?","Es un lenguaje de programaci贸n vers谩til usado para desarrollo web, an谩lisis de datos, automatizaci贸n, inteligencia artificial, etc."
"驴D贸nde escribo c贸digo Python?","Pod茅s usar un editor como VS Code o un entorno como Thonny, PyCharm o Jupyter Notebook."
"驴C贸mo empiezo a aprender Python desde cero?","Instalando Python, practicando en un editor y siguiendo tutoriales b谩sicos."
"驴Cu谩l es la diferencia entre print y return?","print muestra un resultado en pantalla; return devuelve un valor desde una funci贸n."
"驴Qu茅 significa 'indentation error'?","Es un error de indentaci贸n (espacios) que rompe la estructura del c贸digo."
"驴Qu茅 hace el operador == en Python?","Compara si dos valores son iguales."
"驴C贸mo hacer comentarios en varias l铆neas?","Usando tres comillas: ''' comentario ''' o \"\"\" comentario \"\"\""
"驴Qu茅 es una funci贸n en Python y c贸mo se usa?","Un bloque de c贸digo que se ejecuta cuando se llama: def saludar(): print('Hola')"
"驴Qu茅 significa None en Python?","Un valor especial que indica ausencia de valor o 'nada'."
"驴Por qu茅 mi input() no devuelve un n煤mero?","Porque siempre devuelve una cadena; ten茅s que convertirlo con int() o float()."
"驴Qu茅 es una lista en Python?","Una colecci贸n ordenada y modificable: [1, 2, 3]"
"驴C贸mo hacer que un bucle se repita X veces?","Usando for i in range(x):"
"驴Qu茅 significa IndexError en Python?","Ocurre cuando intent谩s acceder a un 铆ndice que no existe en una lista."
"驴Qu茅 es un error de tipo (TypeError)?","Un error por usar tipos de datos incompatibles (ej. sumar string y n煤mero)."
"驴C贸mo concateno texto con variables?","Usando f-strings: f\"Hola {nombre}\""
"驴Para qu茅 sirve el operador +=?","Suma y asigna en una sola l铆nea: x += 1 es igual a x = x + 1."
"驴C贸mo convierto una lista en string?","Usando ', '.join(lista)"
"驴Qu茅 es un bucle infinito y c贸mo evitarlo?","Es un ciclo que nunca termina; us谩 condiciones que cambien y break si es necesario."
"驴C贸mo puedo ver errores en mi c贸digo?","Leyendo el traceback que imprime Python cuando algo falla."
"驴C贸mo se limpia la consola en Python?","No hay una funci贸n nativa, pero pod茅s usar os.system('cls' o 'clear') seg煤n el sistema operativo."
"驴Qu茅 es una variable global?","Una variable que se define fuera de funciones y puede usarse en todo el programa."
"驴C贸mo hacer una calculadora b谩sica en Python?","Pidiendo n煤meros con input() y operando con +, -, *, /."
"驴Qu茅 es una condici贸n if-else y c贸mo funciona?","Permite tomar decisiones: if x > 0: print('positivo') else: print('negativo')"
"驴Puedo usar emojis en Python?","S铆, usando su c贸digo unicode o directamente si tu editor lo permite: print('')"
"驴C贸mo genero un n煤mero aleatorio?","import random; random.randint(1, 10)"
"驴Para qu茅 sirve la funci贸n str()?","Convierte valores a texto (string)."
"驴Qu茅 es una cadena vac铆a?","Una cadena sin caracteres: \"\""
"驴Qu茅 significa que Python sea de tipado din谩mico?","No necesit谩s declarar tipos de variables; Python lo infiere."
"驴C贸mo puedo salir de un programa manualmente?","Usando exit() o quit(), o ctrl+C en la terminal."
"驴D贸nde puedo practicar ejercicios de Python?","En sitios como HackerRank, Exercism, Codewars o Replit."
"驴Qu茅 versi贸n de Python deber铆a usar?","Se recomienda usar la 煤ltima versi贸n estable, como Python 3.x."
"驴Cu谩l es la diferencia entre Python 2 y Python 3?","Python 3 es la versi贸n moderna con mejoras y soporte activo; Python 2 ya no se mantiene."
"驴C贸mo puedo instalar paquetes en Python?","Usando pip: pip install nombre_del_paquete."
"驴Qu茅 es pip?","Es el gestor de paquetes oficial de Python."
"驴C贸mo creo un entorno virtual en Python?","Con python -m venv nombre_entorno."
"驴Para qu茅 sirve un entorno virtual?","Para aislar dependencias de un proyecto y evitar conflictos entre paquetes."
"驴C贸mo activo un entorno virtual en Windows?","nombre_entorno\\Scripts\\activate"
"驴C贸mo activo un entorno virtual en macOS/Linux?","source nombre_entorno/bin/activate"
"驴C贸mo salgo del entorno virtual?","Escribiendo deactivate en la terminal."
"驴Qu茅 es PEP8?","Es una gu铆a de estilo para escribir c贸digo Python limpio y legible."
"驴C贸mo puedo ver la documentaci贸n de una funci贸n?","Usando help(funci贸n) o funci贸n.__doc__"
"驴Qu茅 hace la funci贸n dir()?","Muestra los atributos y m茅todos de un objeto."
"驴Qu茅 hace la funci贸n type()?","Muestra el tipo de un dato."
"驴C贸mo se redondea un n煤mero en Python?","Con round(n煤mero)."
"驴C贸mo puedo generar un n煤mero aleatorio?","import random; random.randint(1, 10)"
"驴Qu茅 es un m贸dulo en Python?","Un archivo .py que contiene funciones, clases o variables reutilizables."
"驴Qu茅 es una librer铆a en Python?","Un conjunto de m贸dulos agrupados para tareas espec铆ficas."
"驴C贸mo importo una funci贸n de otro archivo?","from archivo import funcion"
"驴Qu茅 diferencia hay entre import y from-import?","import carga todo el m贸dulo; from-import carga elementos espec铆ficos."
"驴C贸mo puedo pausar la ejecuci贸n de un programa?","Usando input() o time.sleep(segundos)."
"驴Qu茅 es un traceback?","Es el mensaje de error que muestra d贸nde ocurri贸 una excepci贸n."
"驴C贸mo evitar errores en tiempo de ejecuci贸n?","Usando bloques try-except y validaciones."
"驴C贸mo s茅 si un valor est谩 en una lista?","Con 'in': if x in lista:"
"驴C贸mo eliminar duplicados de una lista?","Con set(): list(set(lista))"
"驴C贸mo ordeno una lista num茅ricamente?","Con sorted(lista) o lista.sort()"
"驴C贸mo ordeno una lista de strings alfab茅ticamente?","Con sorted(lista) o lista.sort()"
"驴C贸mo leer l铆nea por l铆nea un archivo?","with open('archivo.txt') as f: for linea in f: print(linea)"
"驴Qu茅 es una excepci贸n en Python?","Un error que puede ser capturado y manejado durante la ejecuci贸n."
"驴Qu茅 significa pass en Python?","Es un marcador de posici贸n que no hace nada."
"驴Para qu茅 sirve __name__ == '__main__'?","Para ejecutar c贸digo solo si el archivo se ejecuta directamente, no si se importa."
"驴Qu茅 es una variable en Python?","Es un nombre que se usa para guardar un valor en la memoria del programa."
"驴Para qu茅 sirve una variable en Python?","Sirve para almacenar datos que se pueden usar y modificar en el c贸digo."
"驴Qu茅 es una funci贸n en Python?","Es un bloque de c贸digo que realiza una tarea espec铆fica y se puede reutilizar."
"驴Para qu茅 sirve una funci贸n en Python?","Sirve para organizar el c贸digo, evitar repeticiones y realizar tareas espec铆ficas."
"驴Qu茅 es un bucle while en Python?","Es una estructura que repite un bloque de c贸digo mientras una condici贸n sea verdadera."
"驴Para qu茅 sirve un bucle while en Python?","Sirve para repetir instrucciones hasta que se cumpla una condici贸n."
"驴Qu茅 es un bucle for en Python?","Es una estructura que itera sobre una secuencia de elementos, como listas o rangos."
"驴Para qu茅 sirve un bucle for en Python?","Sirve para recorrer colecciones y ejecutar c贸digo por cada elemento."
"驴Qu茅 es un condicional if en Python?","Es una instrucci贸n que permite ejecutar c贸digo solo si se cumple una condici贸n."
驴C贸mo se imprime un mensaje en la consola en Python?,"Usando la funci贸n print(), por ejemplo: print(""Hola, mundo"")."
驴C贸mo se declara una variable en Python?,Solo asignando un valor: x = 10.
驴Qu茅 tipo de datos b谩sicos existen en Python?,"int, float, str, bool, list, tuple, dict, set."
驴Qu茅 diferencia hay entre una lista y una tupla?,"Las listas son mutables ([1, 2, 3]), las tuplas son inmutables ((1, 2, 3))."
驴C贸mo se usa un bucle for en Python?,for i in range(5): print(i)
驴C贸mo se usa un bucle while en Python?,i = 0; while i < 5: print(i); i += 1
驴C贸mo se define una funci贸n en Python?,"def saludar(): print(""Hola"")"
驴C贸mo se comenta una l铆nea de c贸digo en Python?,"Con #, por ejemplo: # Esto es un comentario."
驴Qu茅 hace la funci贸n len()?,Devuelve la cantidad de elementos en una colecci贸n.
驴Qu茅 es un diccionario y c贸mo se accede a sus valores?,"Colecci贸n clave-valor. Acceso: dic[""clave""]."
驴C贸mo se convierte una cadena a entero y viceversa?,"int(""5"") y str(5)."
驴Qu茅 es un NoneType en Python?,"El tipo de valor especial None, que representa ausencia de valor."
驴Qu茅 diferencia hay entre == y is en Python?,== compara valores; is compara identidades (misma ubicaci贸n en memoria).
驴C贸mo concatenar cadenas en Python?,"""Hola"" + "" Mundo"" o f""{var1} {var2}"""
驴C贸mo se puede generar una lista de n煤meros del 1 al 10?,"list(range(1, 11))"
驴Qu茅 es y c贸mo se usa la instrucci贸n if?,"if x > 0: print(""Positivo"")"
驴C贸mo se detiene un bucle antes de tiempo?,Con break.
驴C贸mo se generan n煤meros aleatorios?,"Usando el m贸dulo random: random.randint(1, 10)"
驴Qu茅 significa que Python sea un lenguaje interpretado?,"El c贸digo se ejecuta l铆nea por l铆nea, sin necesidad de compilaci贸n previa."
驴C贸mo funciona el input() en Python?,"Captura texto del usuario: nombre = input(""驴Tu nombre? "")"
驴C贸mo se maneja una excepci贸n en Python?,"try: x = 1 / 0; except ZeroDivisionError: print(""No se puede dividir por cero"")"
驴Qu茅 es un try-except-finally y cu谩ndo se usa?,try: ...; except: ...; finally: ...
驴Qu茅 son las funciones lambda?,Funciones an贸nimas: lambda x: x * 2.
"驴Qu茅 diferencia hay entre append(), insert() y extend() en listas?","append(x) a帽ade al final; insert(i, x) en 铆ndice; extend(lista) a帽ade m煤ltiples elementos."
驴Qu茅 son las comprensiones de listas (list comprehensions)?,[x for x in range(5)]
驴C贸mo se copia una lista sin que ambas se vinculen?,Usando copy() o slicing: nueva = vieja[:]
驴Qu茅 es y c贸mo funciona un set en Python?,"Conjunto de elementos 煤nicos: {1, 2, 3}."
驴C贸mo importar y usar m贸dulos est谩ndar como math o random?,import math; print(math.sqrt(16))
驴Qu茅 son y c贸mo se usan los argumentos *args y **kwargs?,Permiten pasar m煤ltiples argumentos posicionales o con nombre.
驴C贸mo se lee y escribe en un archivo de texto?,"with open(""archivo.txt"", ""r"") as f: datos = f.read()"
驴Qu茅 es el desempaquetado de variables y para qu茅 sirve?,"Asignaci贸n m煤ltiple: a, b = [1, 2]"
驴Qu茅 son los decoradores en Python?,Funciones que modifican otras funciones. Se usan con @.
驴Qu茅 es un generador (yield) y c贸mo se diferencia de return?,yield retorna valores uno por uno en vez de terminar la funci贸n.
驴Qu茅 diferencia hay entre variables locales y globales?,"Las locales est谩n dentro de funciones, las globales fuera."
驴C贸mo se mide el tiempo de ejecuci贸n de un c贸digo?,import time; inicio = time.time(); fin = time.time()
驴Qu茅 es el m贸dulo os y qu茅 se puede hacer con 茅l?,"Manipula el sistema operativo: archivos, rutas, procesos."
驴C贸mo ordenar listas de objetos por un atributo?,"sorted(lista, key=lambda x: x.atributo)"
驴Qu茅 es una expresi贸n regular y c贸mo se utiliza con re?,"import re; re.search(r""\d+"", ""abc123"")"
驴Qu茅 significa que Python tenga tipado din谩mico?,No se especifican tipos expl铆citamente; se infieren.
驴Qu茅 es el with open(...) as f: y por qu茅 es 煤til?,"Abre archivos y los cierra autom谩ticamente, evitando errores."
驴C贸mo se define una clase en Python?,class Persona: pass
驴Qu茅 es la herencia en la programaci贸n orientada a objetos (POO)?,Una clase puede heredar atributos y m茅todos de otra.
驴Qu茅 es un @staticmethod y un @classmethod?,@staticmethod: m茅todo sin acceso a la clase; @classmethod: recibe la clase como primer argumento.
驴Qu茅 es el m茅todo __init__() y para qu茅 se usa?,"Es el constructor de la clase, se llama al instanciar."
"驴Qu茅 son los m茅todos m谩gicos (__str__, __repr__, etc.)?",M茅todos especiales que Python llama autom谩ticamente en ciertas operaciones.
驴C贸mo funciona el recolector de basura en Python?,Libera memoria eliminando objetos sin referencias activas.
驴Qu茅 es una metaclase en Python y cu谩ndo se usa?,Clase de clases. Se usa para modificar la creaci贸n de clases.
驴Qu茅 son las anotaciones de tipo (type hints) y c贸mo ayudan?,"Mejoran la legibilidad y permiten chequeos est谩ticos. Ej: def suma(x: int, y: int) -> int:"
驴C贸mo funciona la serializaci贸n con pickle o json?,Transforma objetos en cadenas para almacenarlos o transmitirlos.
驴Cu谩les son las mejores pr谩cticas para escribir c贸digo Python limpio y legible?,"Nombres claros, comentarios 煤tiles, seguir PEP8, evitar duplicaci贸n, pruebas, modularidad."
